[
  {
    "title": "template-creator",
    "logos": [
      {
        "name": "GDG Lviv",
        "url": "https://plus.google.com/102444623953913144164",
        "logoUrl": "../images/logos/gdg-lviv.svg",
        "width": 170
      }
    ]
  },
  {
    "title": "general-partner",
    "logos": [
      {
        "name": "Google",
        "url": "https://www.google.com.ua/intl/en/about/",
        "logoUrl": "../images/logos/google.svg"
      },
      {
        "name": "GDG[x]",
        "url": "https://github.com/gdg-x",
        "logoUrl": "../images/logos/gdg-x.svg"
      },
      {
        "name": "Google",
        "url": "https://www.google.com.ua/intl/en/about/",
        "logoUrl": "../images/logos/google.svg"
      },
      {
        "name": "GDG[x]",
        "url": "https://github.com/gdg-x",
        "logoUrl": "../images/logos/gdg-x.svg"
      },
      {
        "name": "Google",
        "url": "https://www.google.com.ua/intl/en/about/",
        "logoUrl": "../images/logos/google.svg"
      },
      {
        "name": "GDG[x]",
        "url": "https://github.com/gdg-x",
        "logoUrl": "../images/logos/gdg-x.svg"
      },
      {
        "name": "Google",
        "url": "https://www.google.com.ua/intl/en/about/",
        "logoUrl": "../images/logos/google.svg"
      },
      {
        "name": "GDG[x]",
        "url": "https://github.com/gdg-x",
        "logoUrl": "../images/logos/gdg-x.svg"
      },
      {
        "name": "Google",
        "url": "https://www.google.com.ua/intl/en/about/",
        "logoUrl": "../images/logos/google.svg"
      },
      {
        "name": "GDG[x]",
        "url": "https://github.com/gdg-x",
        "logoUrl": "../images/logos/gdg-x.svg"
      },
      {
        "name": "Google",
        "url": "https://www.google.com.ua/intl/en/about/",
        "logoUrl": "../images/logos/google.svg"
      }
    ]
  }
]
