[{
    "date": "2016-09-09",
    "dateReadable": "September 9",
    "tracks": [{
        "title": "Expo hall"
    }, {
        "title": "Conference hall"
    }, {
        "title": "Workshops hall"
    }],
    "timeslots": [{
        "startTime": "09:00",
        "endTime": "10:00",
        "sessions": [
            [132]
        ]
    }, {
        "startTime": "10:00",
        "endTime": "10:15",
        "sessions": [
            [136]
        ]
    }, {
        "startTime": "10:15",
        "endTime": "11:00",
        "sessions": [
            [139]
        ]
    }, {
        "startTime": "11:00",
        "endTime": "11:40",
        "sessions": [
            [103],
            [120],
            [109]
        ]
    }, {
        "startTime": "11:50",
        "endTime": "12:30",
        "sessions": [
            [129],
            [116],
            [109]
        ]
    }, {
        "startTime": "12:30",
        "endTime": "14:00",
        "sessions": [
            [133]
        ]
    }, {
        "startTime": "14:00",
        "endTime": "14:40",
        "sessions": [
            [101],
            [118],
            [107]
        ]
    }, {
        "startTime": "14:50",
        "endTime": "15:30",
        "sessions": [
            [140],
            [126],
            [107]
        ]
    }, {
        "startTime": "15:30",
        "endTime": "16:00",
        "sessions": [
            [134]
        ]
    }, {
        "startTime": "16:00",
        "endTime": "16:40",
        "sessions": [
            [105],
            [127],
            [119]
        ]
    }, {
        "startTime": "16:50",
        "endTime": "17:30",
        "sessions": [
            [112],
            [111],
            [119]
        ]
    }, {
        "startTime": "17:40",
        "endTime": "18:20",
        "sessions": [
            [106],
            [125],
            [119]
        ]
    }, {
        "startTime": "18:30",
        "endTime": "22:30",
        "sessions": [
            [137]
        ]
    }]
}, {
    "date": "2016-09-10",
    "dateReadable": "September 10",
    "tracks": [{
        "title": "Expo hall"
    }, {
        "title": "Conference hall"
    }, {
        "title": "Workshops hall"
    }],
    "timeslots": [{
        "startTime": "09:30",
        "endTime": "10:10",
        "sessions": [
            [135]
        ]
    }, {
        "startTime": "10:10",
        "endTime": "10:50",
        "sessions": [
            [114],
            [117],
            [121]
        ]
    }, {
        "startTime": "11:00",
        "endTime": "11:40",
        "sessions": [
            [122],
            [113],
            [121]
        ]
    }, {
        "startTime": "11:50",
        "endTime": "12:30",
        "sessions": [
            [104],
            [124],
            [121]
        ]
    }, {
        "startTime": "12:30",
        "endTime": "14:00",
        "sessions": [
            [133]
        ]
    }, {
        "startTime": "14:00",
        "endTime": "14:40",
        "sessions": [
            [108],
            [128],
            [102]
        ]
    }, {
        "startTime": "14:50",
        "endTime": "15:30",
        "sessions": [
            [110],
            [123],
            [102]
        ]
    }, {
        "startTime": "15:30",
        "endTime": "16:00",
        "sessions": [
            [134]
        ]
    }, {
        "startTime": "16:00",
        "endTime": "16:40",
        "sessions": [
            [131],
            [140],
            [130]
        ]
    }, {
        "startTime": "16:50",
        "endTime": "17:30",
        "sessions": [
            [115],
            [140],
            [130]
        ]
    }]
}]
