{
    "1": {
        "id": 1,
        "featured": true,
        "name": "Mete Atamel",
        "title": "Developer Advocate",
        "company": "Google",
        "companyLogo": "/images/logos/gdg-lviv.svg",
        "country": "London, United Kingdom",
        "photoUrl": "/images/people/mete_atamel.jpg",
        "shortBio": "Mete is a Developer Advocate at Google, currently focused on helping developers with Google Cloud...",
        "bio": "Mete is a Developer Advocate at Google, currently focused on helping developers with Google Cloud Platform. As a long-time Java and a recent C# developer, he likes to compare the two ecosystems. Prior to Google, he worked at Microsoft, Skype, Adobe, EMC, and Nokia building apps and services on various web, mobile and cloud platforms. Originally from Cyprus, he currently lives in Greenwich, not too far away from the prime meridian.",
        "tags": [
            "Cloud",
            "Compute Engine",
            "gRPC"
        ],
        "badges": [

        ],
        "socials": [
            {
                "icon": "linkedin",
                "name": "LinkedIn",
                "link": "https://www.linkedin.com/in/meteatamel/"
            },
            {
                "icon": "twitter",
                "name": "Twitter",
                "link": "https://twitter.com/meteatamel/"
            },
            {
                "icon": "github",
                "name": "GitHub",
                "link": "https://github.com/meteatamel/"
            }
        ]
    },
    "2": {
        "id": 2,
        "featured": true,
        "name": "Yonatan Levin",
        "title": "Android Evangelist & Developer",
        "company": "Gett",
        "companyLogo": "/images/logos/gdg-lviv.svg",
        "country": "Tel Aviv, Israel",
        "photoUrl": "/images/people/yonatan_levin.jpg",
        "shortBio": "Born with the spirit of an entrepreneur, Yonatan loves to create, build and just do fun stuff in...",
        "bio": "Born with the spirit of an entrepreneur, Yonatan loves to create, build and just do fun stuff in the technology field.\nYonatan is one of the top Israeli mobile developers, who is also a part of an elite worldwide group of Google Developer Experts.\nHis primary expertise is Android and Mobile UX, but is also friendly to backend technologies and people in general :)\nFounded and led 3 startups in the past, recently received funding for his new startup which is on the make.\nCurrently, Yonatan is taking a part of the startup Gett - the largest on-demand transportation, delivery, and logistics company which already raised more than $500M",
        "tags": [
            "Android",
            "Doze",
            "Mobile UX",
            "Entrepreneurship"
        ],
        "badges": [
            {
                "name": "GDE",
                "description": "Android Google Developer Expert",
                "link": "https://developers.google.com/experts/people/yonatan-levin.html"
            }
        ],
        "socials": [
            {
                "icon": "facebook",
                "name": "Facebook",
                "link": "https://www.facebook.com/levin.yonatan"
            },
            {
                "icon": "twitter",
                "name": "Twitter",
                "link": "https://twitter.com/parahall"
            },
            {
                "icon": "gplus",
                "name": "Google+",
                "link": "https://plus.google.com/+YonatanLevin"
            }
        ]
    },
    "3": {
        "id": 3,
        "featured": true,
        "name": "Sascha Wolter",
        "title": "Senior Developer Evangelist Connected Home",
        "company": "Duetsche Telekom AG - Group Innovation+",
        "companyLogo": "/images/logos/gdg-lviv.svg",
        "country": "Munich and Dusseldorf, Germany",
        "photoUrl": "/images/people/sascha_wolter.jpg",
        "shortBio": "UX enthusiast with passion for the IoT. Board member of the Usability & User Experience committee at the federal association BITKOM.",
        "bio": "Sascha Wolter is a professional developer and user experience enthusiast with passion for the Internet of Things in all flavors. He also works as a consultant, trainer, lecturer, keynote-speaker, and author who focusses on understanding, innovation and value. Sascha is the founder of the User Group flashforum.de with more than 100,000 members, and as such he is committed to the interests of the user. After organizing internationally renowned events like beyond tellerrand from 2001 to 2011, he is now board member of the Usability & User Experience committee at the federal association BITKOM. When he is not tinkering with new soft- and hardware for Deutsche Telekom AG \u2013 Connected Home, he likes discovering the world together with his kids in an odd way.",
        "tags": [
            "Web",
            "IoT",
            "Smart Home"
        ],
        "badges": [

        ],
        "socials": [
            {
                "icon": "website",
                "name": "Website",
                "link": "http://www.wolter.biz"
            },
            {
                "icon": "twitter",
                "name": "Twitter",
                "link": "http://twitter.com/saschawolter"
            },
            {
                "icon": "linkedin",
                "name": "LinkedIn",
                "link": "http://www.linkedin.com/pub/sascha-wolter/5/a38/493"
            }
        ]
    },
    "4": {
        "id": 4,
        "featured": true,
        "name": "Rustem Arzymbetov",
        "title": "Software Engineer",
        "company": "Google",
        "companyLogo": "/images/logos/gdg-lviv.svg",
        "country": "Mountain View, United States",
        "photoUrl": "/images/people/rustem_arzymbetov.jpg",
        "shortBio": "Rustem is working at Google for last 8 years. Was in Search and Android teams. Big fan of perform...",
        "bio": "Rustem is working at Google for last 8 years. Was in Search and Android teams. Big fan of performance optimizations.",
        "tags": [
            "Cloud",
            "Performance",
            "TensorFlow"
        ],
        "badges": [

        ],
        "socials": [
            {
                "icon": "gplus",
                "name": "Google+",
                "link": "https://plus.google.com/102117493667558776856"
            }
        ]
    },
    "5": {
        "id": 5,
        "featured": true,
        "name": "Adrian Kajda",
        "title": "Product Manager/Developer",
        "company": "Sygic",
        "companyLogo": "/images/logos/gdg-lviv.svg",
        "country": "Opole, Poland",
        "photoUrl": "/images/people/adrian_kajda.jpg",
        "shortBio": "Creator of Fuelio app. Fuelio was his hooby project started in 2012. Three years later the app wa...",
        "bio": "Creator of Fuelio app. Fuelio was his hooby project started in 2012. Three years later the app was aquired by Sygic.",
        "tags": [
            "Android",
            "Entrepreneurship"
        ],
        "badges": [

        ],
        "socials": [
            {
                "icon": "gplus",
                "name": "Google+",
                "link": "plus.google.com/+AdrianKajda"
            }
        ]
    },
    "6": {
        "id": 6,
        "featured": true,
        "name": "Gerard Sans",
        "title": "Technical Evangelist",
        "company": "AngularZone",
        "companyLogo": "/images/logos/gdg-lviv.svg",
        "country": "London, United Kingdom",
        "photoUrl": "/images/people/gerard_sans.jpg",
        "shortBio": "Angular Google Developer Expert. International speaker and trainer.  Enjoy running AngularLabs London.",
        "bio": "Angular Google Developer Expert. I am a Computer Science Engineer specialised in Web. International speaker and trainer. I am an Angular fanboy and a community activist fighting for the JavaScript revolution. I have lived and worked for all sorts of companies in Germany, Brazil, UK and Spain. I am always up for a good challenge. I enjoy running AngularLabs London, mentoring students, participating in the community, giving talks and writing technical articles at Medium.",
        "tags": [
            "Web",
            "Angular",
            "Progressive Web Apps"
        ],
        "badges": [
            {
                "name": "GDE",
                "description": "Angular Google Developer Expert",
                "link": "https://developers.google.com/experts/people/gerard-sans.html"
            }
        ],
        "socials": [
            {
                "icon": "twitter",
                "name": "Twitter",
                "link": "https://twitter.com/gerardsans"
            },
            {
                "icon": "website",
                "name": "Website",
                "link": "https://medium.com/@gerard.sans"
            }
        ]
    },
    "7": {
        "id": 7,
        "featured": true,
        "name": "Jozef Vodicka",
        "title": "Developer Relations Program Manager",
        "company": "Google",
        "companyLogo": "/images/logos/gdg-lviv.svg",
        "country": "Prague, Czech Republic",
        "photoUrl": "/images/people/jozef_vodicka.jpg",
        "shortBio": "TEDx speaker, Slovak Forbes 30-under-30, IT auditor for AIESEC International & TOP 5 Student Entrepreneurs in Slovakia.",
        "bio": "Right now he is a passionate Googler helping developers and companies in South CEE to be more successful and profitable.\n\nHe co-founded and lead several StartUPs such as Venzeo.com, TrashOut.ngo, Matura.sk and Stuzkova.EU.\n\nHe is TEDx speaker, Slovak Forbes 30-under-30, IT auditor for AIESEC International & TOP 5 Student Entrepreneurs in Slovakia. He gets things done.",
        "tags": [
            "Cloud",
            "Firebase"
        ],
        "badges": [

        ],
        "socials": [
            {
                "icon": "linkedin",
                "name": "LinkedIn",
                "link": "https://www.linkedin.com/in/jozefvodicka"
            },
            {
                "icon": "twitter",
                "name": "Twitter",
                "link": "https://twitter.com/jozefvodicka"
            },
            {
                "icon": "gplus",
                "name": "Google+",
                "link": "https://plus.google.com/+JozefVodicka"
            },
            {
                "icon": "facebook",
                "name": "Facebook",
                "link": "https://www.facebook.com/jozef.vodicka"
            }
        ]
    },
    "8": {
        "id": 8,
        "featured": true,
        "name": "Mateusz Herych",
        "title": "Android Tech Lead",
        "company": "IG",
        "companyLogo": "/images/logos/gdg-lviv.svg",
        "country": "Krakow, Poland",
        "photoUrl": "/images/people/mateusz_herych.jpg",
        "shortBio": "3x rockstar of DevFest Ukraine stage. Android GDE. Co-organizer of GDG Krakow.",
        "bio": "Mateusz lives in Krakow, holds a membership in the Google Developer Expert program for Android. Works as an Android Tech Lead at IG. Co-organizer of GDG Krakow community meetups. Fresh dad of twins. For the third time at DevFest Ukraine.",
        "tags": [
            "Android",
            "Android",
            "Design Patterns",
            "Libraries"
        ],
        "badges": [
            {
                "name": "GDE",
                "description": "Android Google Developer Expert",
                "link": "https://developers.google.com/experts/img/user/108555637824110226040.png"
            },
            {
                "name": "GDG",
                "description": "Google Developers Group Krakow",
                "link": "https://developers.google.com/groups/directory/"
            }
        ],
        "socials": [
            {
                "icon": "gplus",
                "name": "Google+",
                "link": "https://plus.google.com/+MateuszHerych"
            },
            {
                "icon": "twitter",
                "name": "Twitter",
                "link": "https://twitter.com/mherych"
            },
            {
                "icon": "linkedin",
                "name": "LinkedIn",
                "link": "https://www.linkedin.com/in/herych"
            }
        ]
    },
    "9": {
        "id": 9,
        "featured": false,
        "name": "David Mayboroda",
        "title": "Android Engineer",
        "company": "SoftServe",
        "companyLogo": "/images/logos/gdg-lviv.svg",
        "country": "Kyiv, Ukraine",
        "photoUrl": "/images/people/david_mayboroda.jpg",
        "shortBio": "Ex Yandex emproyee. Android enthusiast.",
        "bio": "Ex-Yandex emploee, currently Android Engineer at SoftServe.",
        "tags": [
            "Android",
            "Dagger 2"
        ],
        "badges": [

        ],
        "socials": [
            {
                "icon": "facebook",
                "name": "Facebook",
                "link": "https://www.facebook.com/profile.php?id=100008474898785"
            },
            {
                "icon": "github",
                "name": "GitHub",
                "link": "https://github.com/dmayboroda"
            }
        ]
    },
    "10": {
        "id": 10,
        "featured": true,
        "name": "Konrad Dzwinel",
        "title": "Front-End Engineer",
        "company": "Brainly",
        "companyLogo": "/images/logos/gdg-lviv.svg",
        "country": "Krakow, Poland",
        "photoUrl": "/images/people/konrad_dzwinel.jpg",
        "shortBio": "Fighting for 60FPS on Web. GDE on Web Technologies. Co-organizer of GDG Krakow.",
        "bio": "Konrad is a front-end developer at Brainly, Google Developer Expert for Web Technologies and co-organizer of Google Developers Group in Krakow. Over the years he worked for various startups, consultancies and software houses building websites, hybrid apps and internal tools. After work, he develops Chrome extensions, experiments with various front-end technologies, gives presentations and runs workshops.",
        "tags": [
            "Web",
            "Chrome Extensions",
            "Progressive Web Apps"
        ],
        "badges": [
            {
                "name": "GDE",
                "description": "Web Technologies Google Developer Expert",
                "link": "https://developers.google.com/experts/people/konrad-dzwinel.html"
            },
            {
                "name": "GDG",
                "description": "Google Developers Group Krakow",
                "link": " https://developers.google.com/groups/directory/"
            }
        ],
        "socials": [
            {
                "icon": "github",
                "name": "GitHub",
                "link": "https://github.com/kdzwinel"
            },
            {
                "icon": "twitter",
                "name": "Twitter",
                "link": "https://twitter.com/kdzwinel"
            }
        ]
    },
    "11": {
        "id": 11,
        "featured": false,
        "name": "Jean-Baptiste Clion",
        "title": "Founder",
        "company": "Apeser",
        "companyLogo": "/images/logos/gdg-lviv.svg",
        "country": "Basel, Switzerland",
        "photoUrl": "/images/people/jean-baptiste_clion.jpg",
        "shortBio": "Founder and co-organiser of GDG Basel. Worked in Defence & Aeronautics, Finance & Consulting industries.",
        "bio": "Jean-Baptiste Clion (AKA JB) is a senior cloud engineer working with Google Technologies since 2007.  He is the founder and co-organiser of GDG Basel, Switzerland. Jean-Baptiste worked in various industries such as Defence & Aeronautics, Finance & Consulting. In his last position, JB was Google Practice Lead at Capgemini Switzerland, he is now co-founding a startup dedicated to Progressive Web Apps solutions relying on cloud technologies.",
        "tags": [
            "Cloud",
            "AppEngine",
            "Microservices"
        ],
        "badges": [
            {
                "name": "GDG",
                "description": "Google Developers Group Basel",
                "link": "https://developers.google.com/groups/chapter/104796338340371914914/"
            }
        ],
        "socials": [
            {
                "icon": "facebook",
                "name": "Facebook",
                "link": "https://www.facebook.com/jbclion"
            },
            {
                "icon": "linkedin",
                "name": "LinkedIn",
                "link": "https://ch.linkedin.com/in/jean-baptiste-clion-3196415"
            },
            {
                "icon": "twitter",
                "name": "Twitter",
                "link": "https://twitter.com/JBaptisteClion"
            },
            {
                "icon": "gplus",
                "name": "Google+",
                "link": "https://plus.google.com/+JeanBaptisteClionBasel/posts"
            }
        ]
    },
    "12": {
        "id": 12,
        "featured": true,
        "name": "Paul Lammertsma",
        "title": "CTO",
        "company": "Pixplicity",
        "companyLogo": "/images/logos/gdg-lviv.svg",
        "country": "Amsterdam, The Netherlands",
        "photoUrl": "/images/people/paul_lammertsma.jpg",
        "shortBio": "Paul is CTO and co-founder of Pixplicity, Holland's leading Android-specific consulting and app-b...",
        "bio": "Paul is CTO and co-founder of Pixplicity, Holland's leading Android-specific consulting and app-building company. He applies his knowledge of Java, Android and Linux in Pixplicity to develop high-quality apps and provide technical solutions for customers such as Mercedes-Benz, Nestl\u00e9, De Telegraaf, AGIS and De Consumentenbond.",
        "tags": [
            "Android",
            "Data Sync",
            "Linux"
        ],
        "badges": [
            {
                "name": "DAUG",
                "description": "DAUG",
                "link": "https://developers.google.com/groups/chapter/113182948271879290904/"
            }
        ],
        "socials": [
            {
                "icon": "gplus",
                "name": "Google+",
                "link": "https://plus.google.com/u/0/+PaulLammertsma"
            },
            {
                "icon": "twitter",
                "name": "Twitter",
                "link": "https://twitter.com/officesunshine"
            }
        ]
    },
    "13": {
        "id": 13,
        "featured": false,
        "name": "Aleksander Piotrowski",
        "title": "Code Monkey",
        "company": "Applause",
        "companyLogo": "/images/logos/gdg-lviv.svg",
        "country": "Warsaw, Poland",
        "photoUrl": "/images/people/aleksander_piotrowski.jpg",
        "shortBio": "Became a mobile developer after long run as a backend developer. Because of age, holding senior p...",
        "bio": "Became a mobile developer after long run as a backend developer. Because of age, holding senior positions from the day one as an Android programmer. Serial hackathon winner, or at least contender ;-)",
        "tags": [
            "Android",
            "Android N"
        ],
        "badges": [

        ],
        "socials": [
            {
                "icon": "twitter",
                "name": "Twitter",
                "link": "https://twitter.com/pelotasplus"
            },
            {
                "icon": "facebook",
                "name": "Facebook",
                "link": "http://facebook.com/pelotasplus"
            },
            {
                "icon": "linkedin",
                "name": "LinkedIn",
                "link": "https://www.linkedin.com/in/pelotasplus"
            },
            {
                "icon": "gplus",
                "name": "Google+",
                "link": "https://www.instagram.com/pelotasplus/"
            }
        ]
    },
    "14": {
        "id": 14,
        "featured": false,
        "name": "Carmen Popovicu",
        "title": "Front-end Engineer",
        "company": "Widespread",
        "companyLogo": "/images/logos/gdg-lviv.svg",
        "country": "Cluj-Napoca, Romania",
        "photoUrl": "/images/people/carmen_popovicu.jpg",
        "shortBio": "Angular JS committer. Founder of Dutch Angular JS Community, co-organizer of NG-NL.",
        "bio": "Carmen is a front-end engineer and a #1 fan of dev communities. She loves Angular but has since recently developed feelings for Polymer too. She strongly believes that adding at least one ASCII smiley in your emails will make the world a better place and hopes to one day make a difference for the web with the code she writes. If she had super powers, she would smiley all the things.",
        "tags": [
            "Web",
            "AngularJS2",
            "Polymer",
            "Protractor"
        ],
        "badges": [

        ],
        "socials": [
            {
                "icon": "gplus",
                "name": "Google+",
                "link": "https://plus.google.com/u/0/118143942632321563925/"
            },
            {
                "icon": "twitter",
                "name": "Twitter",
                "link": "https://twitter.com/CarmenPopoviciu"
            }
        ]
    },
    "15": {
        "id": 15,
        "featured": true,
        "name": "Sergii Khomenko",
        "title": "Data Scientist",
        "company": "Stylight",
        "companyLogo": "/images/logos/gdg-lviv.svg",
        "country": "Munich, Germany",
        "photoUrl": "/images/people/sergii_khomenko.jpg",
        "shortBio": "Data scientist at one of the biggest fashion communities, STYLIGHT. Data analysis and visualisati...",
        "bio": "Data scientist at one of the biggest fashion communities, STYLIGHT. Data analysis and visualisation hobbyist, working on problems not only in working time, but in free time for fun and personal data visualisations.\n\nSpeaker at different conferences: Berlin Buzzwords 2014, ApacheCon Europe 2014, Puppet Camp London 2015, Munich Developer Camp, Berlin Buzzwords 2015, Tableau Conference on Tour - Berlin 2015, Budapest BI forum 2015, CrunchConf 2015, FOSDEM 2016, PyData Amsterdam 2016",
        "tags": [
            "Cloud",
            "Big Data",
            "Analytics"
        ],
        "badges": [

        ],
        "socials": [
            {
                "icon": "twitter",
                "name": "Twitter",
                "link": "https://twitter.com/lc0d3r"
            }
        ]
    },
    "17": {
        "id": 17,
        "featured": false,
        "name": "Jana Moudra",
        "title": "Co-Founder",
        "company": "Juicymo",
        "companyLogo": "/images/logos/gdg-lviv.svg",
        "country": "Prague, Czech Republic",
        "photoUrl": "/images/people/jana_moudra.jpg",
        "shortBio": "GDG Prague organizer. Android and Dart enthusiast. Co-founder of a company called Juicymo.",
        "bio": "GDE (Google Developer Expert) for Dart. Jana is a passionate developer and modern web and mobile technology evangelist. She is an event organiser for GDG Prague, where she arranges events for developers including public lectures, code labs and hackathons \u2013 covering a wide range of subjects including technologies Dart or Android. She loves to help other developers and spread the knowledge about these technologies. \n\nJana co-founded a company called Juicymo, where she works on juicy apps and products and teaches at Unicorn College.",
        "tags": [
            "Android",
            "Testing",
            "UiAutomator",
            "Dart"
        ],
        "badges": [
            {
                "name": "GDE",
                "description": "Dart Google Developer Expert",
                "link": "https://developers.google.com/experts/people/jana-moudr.html"
            },
            {
                "name": "GDG",
                "description": "Google Developers Group Prague",
                "link": "https://developers.google.com/groups/chapter/111919016509847766513/"
            }
        ],
        "socials": [
            {
                "icon": "gplus",
                "name": "Google+",
                "link": "https://plus.google.com/+JanaMoudr\u00e1/posts"
            },
            {
                "icon": "twitter",
                "name": "Twitter",
                "link": "https://twitter.com/Janamou"
            },
            {
                "icon": "linkedin",
                "name": "LinkedIn",
                "link": "https://cz.linkedin.com/in/janamoudra"
            },
            {
                "icon": "github",
                "name": "GitHub",
                "link": "https://github.com/Janamou"
            }
        ]
    },
    "16": {
        "id": 16,
        "featured": false,
        "name": "Dmytro Danylyk",
        "title": "Senior Android Developer",
        "company": "Timee",
        "companyLogo": "/images/logos/gdg-lviv.svg",
        "country": "Lviv, Ukraine",
        "photoUrl": "/images/people/dmytro_danylyk.jpg",
        "shortBio": "First Android GDE in Ukraine. Frequent speaker on tech conferences.",
        "bio": "Dmytro is a developer, writer, speaker. He live in Lviv - a quaint and beautiful city. He is passionate about android and flat design. Currently Dmytro works for a startup Timee where he develop Android application and he love what he do.",
        "tags": [
            "Android",
            "Realm",
            "Material Design",
            "Data Sync",
            "Animations"
        ],
        "badges": [
            {
                "name": "GDE",
                "description": "Android Google Developer Expert",
                "link": "https://developers.google.com/experts/people/dmytro-danylyk"
            },
            {
                "name": "GDG",
                "description": "Google Developers Group Lviv",
                "link": "https://developers.google.com/groups/chapter/102444623953913144164/"
            }
        ],
        "socials": [
            {
                "icon": "website",
                "name": "Website",
                "link": "http://www.dmytrodanylyk.com"
            },
            {
                "icon": "website",
                "name": "Website",
                "link": "http://slides.com/dmytrodanylyk"
            },
            {
                "icon": "twitter",
                "name": "Twitter",
                "link": "https://twitter.com/dmytrodanylyk"
            },
            {
                "icon": "gplus",
                "name": "Google+",
                "link": "https://plus.google.com/+DmytroDanylyk"
            }
        ]
    },
    "19": {
        "id": 19,
        "featured": true,
        "name": "David V\u00e1vra",
        "title": "Founder/CEO/Android Lead",
        "company": "Step Up Labs",
        "companyLogo": "/images/logos/gdg-lviv.svg",
        "country": "Prague, Czech Republic",
        "photoUrl": "/images/people/david_v\u00e1vra.jpg",
        "shortBio": "Founder and CEO of Step Up Labs. Android GDE.",
        "bio": "David is a Google Developer Expert for Android. He is a CEO now, but he still finds time for diving deep into Android architecture. He currently focuses on Firebase for Android. He loves open-source and gadgets like Android Wear or Android TV. He is the core organiser of GDG Prague events.",
        "tags": [
            "Android",
            "Android Wear",
            "Android TV",
            "Firebase"
        ],
        "badges": [
            {
                "name": "GDE",
                "description": "Android Google Developer Expert",
                "link": "https://developers.google.com/experts/people/david-v-vra.html"
            }
        ],
        "socials": [
            {
                "icon": "gplus",
                "name": "Google+",
                "link": "https://plus.google.com/+DavidV\u00e1vra"
            },
            {
                "icon": "twitter",
                "name": "Twitter",
                "link": "https://twitter.com/vavradav"
            },
            {
                "icon": "linkedin",
                "name": "LinkedIn",
                "link": "https://www.linkedin.com/in/dvavra"
            },
            {
                "icon": "github",
                "name": "GitHub",
                "link": "https://github.com/davidvavra"
            }
        ]
    },
    "18": {
        "id": 18,
        "featured": false,
        "name": "Jakub \u0160kv\u00e1ra",
        "title": "Frontend engineer",
        "company": "Shipito",
        "companyLogo": "/images/logos/gdg-lviv.svg",
        "country": "Prague, Czech Republic",
        "photoUrl": "/images/people/jakub_\u0161kv\u00e1ra.jpg",
        "shortBio": "Jakub is a front-end engineer at Shipito interested in modern web frameworks, libraries and tools...",
        "bio": "Jakub is a front-end engineer at Shipito interested in modern web frameworks, libraries and tools. Jakub is also a member of GDG Prague and GDG \u010cVUT in the Czech republic.",
        "tags": [
            "Web",
            "AngularJS",
            "ReactJS",
            "NodeJS",
            "Progressive Web Apps",
            "RAIL"
        ],
        "badges": [
            {
                "name": "GDG",
                "description": "Google Developers Group Prague",
                "link": "https://developers.google.com/groups/chapter/111919016509847766513/"
            }
        ],
        "socials": [
            {
                "icon": "twitter",
                "name": "Twitter",
                "link": "https://twitter.com/@skvaros"
            },
            {
                "icon": "gplus",
                "name": "Google+",
                "link": "https://plus.google.com/+JakubSkvara/"
            }
        ]
    },
    "21": {
        "id": 21,
        "featured": false,
        "name": "Sergiy Mokienko",
        "title": "Android Team Lead",
        "company": "Leverate",
        "companyLogo": "/images/logos/gdg-lviv.svg",
        "country": "Kyiv,  Ukraine",
        "photoUrl": "/images/people/sergiy_mokienko.jpg",
        "shortBio": "Sergiy is an android developer that has experience from building apps from scratch to developing...",
        "bio": "Sergiy is an android developer that has experience from building apps from scratch to developing android based sdks and libraries for other applications. He has more than 10 applications successfully published on Google Play. Former GDG chapter lead in Nikolaev. Currently he is leading a team that builds broker software for 60+ different brokers.",
        "tags": [
            "Android",
            "CI/CD"
        ],
        "badges": [
            {
                "name": "GDG",
                "description": "Google Developers Group Kyiv",
                "link": "https://developers.google.com/groups/chapter/110301321530950732281/"
            }
        ],
        "socials": [
            {
                "icon": "linkedin",
                "name": "LinkedIn",
                "link": "https://www.linkedin.com/in/sergiy-mokienko-76891359"
            },
            {
                "icon": "facebook",
                "name": "Facebook",
                "link": "https://www.facebook.com/Korwin22"
            },
            {
                "icon": "gplus",
                "name": "Google+",
                "link": "https://plus.google.com/107094180736796042888"
            }
        ]
    },
    "20": {
        "id": 20,
        "featured": false,
        "name": "Valentyn Shybanov",
        "title": "Software Engineer/Country Manager",
        "company": "Wolters Kluwer",
        "companyLogo": "/images/logos/gdg-lviv.svg",
        "country": "Kyiv, Ukraine",
        "photoUrl": "/images/people/valentyn_shybanov.jpg",
        "shortBio": "Google Developer Expert on Cloud. Co-organizer of GDG Kyiv-Center.",
        "bio": "Google Developer Expert on Cloud. Co-organizer of GDG Kyiv-Center.",
        "tags": [
            "Web",
            "AngularJS",
            "Polymer",
            "Go"
        ],
        "badges": [
            {
                "name": "GDE",
                "description": "Cloud Google Developer Expert",
                "link": "https://developers.google.com/experts/people/valentyn-shybanov.html"
            },
            {
                "name": "GDG",
                "description": "Google Developers Group Kyiv",
                "link": "https://developers.google.com/groups/chapter/110301321530950732281/"
            }
        ],
        "socials": [
            {
                "icon": "gplus",
                "name": "Google+",
                "link": "https://google.com/+ValentynShybanov"
            },
            {
                "icon": "website",
                "name": "Website",
                "link": "http://olostan.name/"
            }
        ]
    },
    "23": {
        "id": 23,
        "featured": false,
        "name": "Michael Pustovit",
        "title": "Senior Android Developer",
        "company": "Stanfy",
        "companyLogo": "/images/logos/gdg-lviv.svg",
        "country": "Kyiv, Ukraine",
        "photoUrl": "/images/people/michael_pustovit.jpg",
        "shortBio": "Michael is a software engineer at Stanfy. He is KPI FICT Computer Science graduate and has 4+ yea...",
        "bio": "Michael is a software engineer at Stanfy. He is KPI FICT Computer Science graduate and has 4+ years in Android development. Michael moderates KyivAndroidDevClub. Besides programming, he is a capoeira player.",
        "tags": [
            "Android",
            "Decompilation",
            "Security"
        ],
        "badges": [

        ],
        "socials": [
            {
                "icon": "github",
                "name": "GitHub",
                "link": "https://github.com/lampapos"
            },
            {
                "icon": "facebook",
                "name": "Facebook",
                "link": "https://www.facebook.com/pustovit"
            },
            {
                "icon": "twitter",
                "name": "Twitter",
                "link": "https://twitter.com/pustovit"
            }
        ]
    },
    "22": {
        "id": 22,
        "featured": false,
        "name": "Ihor Dvoretskyi",
        "title": "Deployment Engineer",
        "company": "Mirantis",
        "companyLogo": "/images/logos/gdg-lviv.svg",
        "country": "Lviv, Ukraine",
        "photoUrl": "/images/people/ihor_dvoretskyi.jpg",
        "shortBio": "OpenStack Foundation member, Kubernetes upstream contributor and OpenStack special interest group lead in Kubernetes Community.",
        "bio": "Ihor is an Operations Engineer at Mirantis with a huge experience working in IT companies, where he was responsible for projects tightly bound to Cloud computing and Linux systems. He is deeply interested in the OpenStack cloud platform, other Cloud technologies, especially the Open Source projects.<br><br>Also, Ihor acts as the OpenStack Foundation member, Kubernetes upstream contributor, and OpenStack special interest group lead in Kubernetes Community, working intensely on the questions and abilities, related to the OpenStack and Kubernetes collaboration and integration.",
        "tags": [
            "Cloud",
            "OpenStack",
            "Kubernetes",
            "Docker"
        ],
        "badges": [
            {
                "name": "GDG",
                "description": "Google Developers Group Lviv",
                "link": "https://developers.google.com/groups/chapter/102444623953913144164/"
            }
        ],
        "socials": [
            {
                "icon": "gplus",
                "name": "Google+",
                "link": "https://plus.google.com/103000293055760527954"
            },
            {
                "icon": "linkedin",
                "name": "LinkedIn",
                "link": "https://ua.linkedin.com/in/idvoretskyi"
            },
            {
                "icon": "twitter",
                "name": "Twitter",
                "link": "https://twitter.com/idvoretskyi"
            }
        ]
    },
    "25": {
        "id": 25,
        "featured": false,
        "name": "Constantine Mars",
        "title": "Senior Android Developer",
        "company": "DataArt",
        "companyLogo": "/images/logos/gdg-lviv.svg",
        "country": "Dnipro, Ukraine",
        "photoUrl": "/images/people/constantine_mars.jpg",
        "shortBio": "Constantine is Senior Android Developer at DataArt and GDG Dnipro Organizer. He was speaker on De...",
        "bio": "Constantine is Senior Android Developer at DataArt and GDG Dnipro Organizer. He was speaker on DevFest, multiple IT NonStop events and GDG meetups. Constantine is interested mainly in Android Wear platform, RxJava, best practices in applications Architecture, and sometimes cross-platform mobile development with Xamarin.",
        "tags": [
            "Android",
            "RxJava",
            "Android Wear",
            "Xamarin"
        ],
        "badges": [
            {
                "name": "GDG",
                "description": "Google Developers Group Dnipro",
                "link": "https://developers.google.com/groups/chapter/116033068768596939209/"
            }
        ],
        "socials": [
            {
                "icon": "gplus",
                "name": "Google+",
                "link": "https://plus.google.com/+ConstantineMars"
            }
        ]
    },
    "24": {
        "id": 24,
        "featured": false,
        "name": "Anton  Minashkin",
        "title": "Lead Software Developer",
        "company": "EPAM",
        "companyLogo": "/images/logos/gdg-lviv.svg",
        "country": "Lviv, Ukraine",
        "photoUrl": "/images/people/anton_minashkin.jpg",
        "shortBio": "Android developer, currently works at EPAM. Have experience in both server and mobile side develo...",
        "bio": "Android developer, currently works at EPAM. Have experience in both server and mobile side development. All my free time I spend on the endless search of silver bullets, perfect architectures and holy wars.",
        "tags": [
            "Android",
            "Architecture",
            "ExoPlayer"
        ],
        "badges": [

        ],
        "socials": [
            {
                "icon": "facebook",
                "name": "Facebook",
                "link": "https://www.facebook.com/anton.minashkin.1"
            },
            {
                "icon": "twitter",
                "name": "Twitter",
                "link": "https://twitter.com/AntonMinashkin"
            },
            {
                "icon": "linkedin",
                "name": "LinkedIn",
                "link": "https://ua.linkedin.com/in/anton-minashkin-606a1b4b"
            }
        ]
    },
    "27": {
        "id": 27,
        "featured": false,
        "name": "Roman Herasymenko",
        "title": "CEO",
        "company": "Yamert",
        "companyLogo": "/images/logos/gdg-lviv.svg",
        "country": "Dnipro, Ukraine",
        "photoUrl": "/images/people/roman_herasymenko.jpg",
        "shortBio": "Roman is Founder and CEO at Yamert and a co-organizer of GDG Dnipropetrovsk. Roman is interesting...",
        "bio": "Roman is Founder and CEO at Yamert and a co-organizer of GDG Dnipropetrovsk. Roman is interesting in software development for cutting edge technologies and devices like Google Glass and Android Wear.",
        "tags": [
            "Android",
            "Firebase",
            "Security"
        ],
        "badges": [
            {
                "name": "GDE",
                "description": "Android Google Developer Expert",
                "link": "https://developers.google.com/experts/people/roman-herasymenko.html"
            },
            {
                "name": "GDG",
                "description": "Google Developers Group Dnipro",
                "link": "https://developers.google.com/groups/chapter/116033068768596939209/"
            }
        ],
        "socials": [
            {
                "icon": "gplus",
                "name": "Google+",
                "link": "https://plus.google.com/+RomanGerasimenko/"
            },
            {
                "icon": "linkedin",
                "name": "LinkedIn",
                "link": "http://ua.linkedin.com/pub/roman-gerasimenko/"
            }
        ]
    },
    "26": {
        "id": 26,
        "featured": false,
        "name": "Resul Caner  Yildirim",
        "title": "User Experience Expert",
        "company": "InnovationBox",
        "companyLogo": "/images/logos/gdg-lviv.svg",
        "country": "Istanbul, Turkey",
        "photoUrl": "/images/people/resul caner_yildirim.jpg",
        "shortBio": "Caner is a GDE on UX/UI who is also a technology geek. Mainly focused on the design and marketing...",
        "bio": "Caner is a GDE on UX/UI who is also a technology geek. Mainly focused on the design and marketing of mobile applications. Passionate about good UX, IoT and Android. He works at InnovationBox, a design agency in Istanbul making and creating apps that users love. Caner has been an organiser of GDG Istanbul since 2013, organising, participating, and speaking at events.",
        "tags": [
            "Android",
            "UX/UI",
            "Android Wear",
            "IoT"
        ],
        "badges": [
            {
                "name": "GDE",
                "description": "UI/UX Google Developer Expert",
                "link": "https://developers.google.com/experts/people/resul-caner-y-ld-r-m.html"
            },
            {
                "name": "GDG",
                "description": "Google Developers Group Istanbul",
                "link": "https://developers.google.com/groups/chapter/100514812580249787371/"
            }
        ],
        "socials": [
            {
                "icon": "twitter",
                "name": "Twitter",
                "link": "https://twitter.com/protechman"
            },
            {
                "icon": "gplus",
                "name": "Google+",
                "link": "https://plus.google.com/+rcaneryildirim"
            },
            {
                "icon": "facebook",
                "name": "Facebook",
                "link": "https://facebook.com/r.caner.yildirim"
            },
            {
                "icon": "website",
                "name": "Website",
                "link": "https://dribbble.com/protechman"
            },
            {
                "icon": "linkedin",
                "name": "LinkedIn",
                "link": "https://linkedin.com/in/protechman"
            }
        ]
    }
}
