[{"created_at":"Sun Oct 25 09:00:26 +0000 2015","id":658206472829050880,"id_str":"658206472829050880","text":"@_Marichka______  \u0441\u044c\u043e\u0433\u043e\u0434\u043d\u0456- \u041c\u0438\u043a\u043e\u043b\u0430\u0439\u043a\u043e \u0456 \u043f\u0440\u0438\u043d\u0435\u0441\u043b\u0430 \u043d\u0430\u043a\u043b\u0435\u0439\u043e\u0447\u043a\u0438 https:\/\/t.co\/QudYJaZFhx","truncated":false,"source":"<a href=\"http:\/\/twitter.com\/download\/iphone\" rel=\"nofollow\">Twitter for iPhone<\/a>","in_reply_to_status_id":null,"in_reply_to_status_id_str":null,"in_reply_to_user_id":226610831,"in_reply_to_user_id_str":"226610831","in_reply_to_screen_name":"_Marichka______","user":{"id":406396378,"id_str":"406396378","name":"Darija","screen_name":"_komashka_","location":"\u041b\u044c\u0432\u0456\u0432","description":"\u0414\u0438\u0432\u043d\u0430 \u0442\u0438 \u044f\u043a\u0430\u0441\u044c.\u00a9","url":null,"entities":{"description":{"urls":[]}},"protected":false,"followers_count":219,"friends_count":140,"listed_count":2,"created_at":"Sun Nov 06 17:10:20 +0000 2011","favourites_count":909,"utc_offset":7200,"time_zone":"Kyiv","geo_enabled":true,"verified":false,"statuses_count":4052,"lang":"uk","contributors_enabled":false,"is_translator":false,"is_translation_enabled":false,"profile_background_color":"ACDED6","profile_background_image_url":"http:\/\/pbs.twimg.com\/profile_background_images\/378800000151128696\/1_fHynI7.jpeg","profile_background_image_url_https":"https:\/\/pbs.twimg.com\/profile_background_images\/378800000151128696\/1_fHynI7.jpeg","profile_background_tile":true,"profile_image_url":"http:\/\/pbs.twimg.com\/profile_images\/657879688069689344\/X9yG7nux_normal.jpg","profile_image_url_https":"https:\/\/pbs.twimg.com\/profile_images\/657879688069689344\/X9yG7nux_normal.jpg","profile_banner_url":"https:\/\/pbs.twimg.com\/profile_banners\/406396378\/1451854794","profile_link_color":"038543","profile_sidebar_border_color":"FFFFFF","profile_sidebar_fill_color":"DAECF4","profile_text_color":"663B12","profile_use_background_image":true,"has_extended_profile":false,"default_profile":false,"default_profile_image":false,"following":false,"follow_request_sent":false,"notifications":false},"geo":null,"coordinates":null,"place":null,"contributors":null,"is_quote_status":false,"retweet_count":0,"favorite_count":2,"entities":{"hashtags":[],"symbols":[],"user_mentions":[{"screen_name":"_Marichka______","name":"Mari","id":226610831,"id_str":"226610831","indices":[0,16]}],"urls":[],"media":[{"id":658206462490054656,"id_str":"658206462490054656","indices":[60,83],"media_url":"http:\/\/pbs.twimg.com\/media\/CSJrSlGWEAAvhg0.jpg","media_url_https":"https:\/\/pbs.twimg.com\/media\/CSJrSlGWEAAvhg0.jpg","url":"https:\/\/t.co\/QudYJaZFhx","display_url":"pic.twitter.com\/QudYJaZFhx","expanded_url":"http:\/\/twitter.com\/_komashka_\/status\/658206472829050880\/photo\/1","type":"photo","sizes":{"medium":{"w":600,"h":600,"resize":"fit"},"thumb":{"w":150,"h":150,"resize":"crop"},"small":{"w":340,"h":340,"resize":"fit"},"large":{"w":1024,"h":1024,"resize":"fit"}}}]},"extended_entities":{"media":[{"id":658206462490054656,"id_str":"658206462490054656","indices":[60,83],"media_url":"http:\/\/pbs.twimg.com\/media\/CSJrSlGWEAAvhg0.jpg","media_url_https":"https:\/\/pbs.twimg.com\/media\/CSJrSlGWEAAvhg0.jpg","url":"https:\/\/t.co\/QudYJaZFhx","display_url":"pic.twitter.com\/QudYJaZFhx","expanded_url":"http:\/\/twitter.com\/_komashka_\/status\/658206472829050880\/photo\/1","type":"photo","sizes":{"medium":{"w":600,"h":600,"resize":"fit"},"thumb":{"w":150,"h":150,"resize":"crop"},"small":{"w":340,"h":340,"resize":"fit"},"large":{"w":1024,"h":1024,"resize":"fit"}}}]},"favorited":true,"retweeted":false,"possibly_sensitive":false,"lang":"uk"},{"created_at":"Sat Oct 24 17:20:07 +0000 2015","id":657969831812210689,"id_str":"657969831812210689","text":"Found in the lounge at Warsaw airport, good read. #DCComics https:\/\/t.co\/WsPE1TGmrv","truncated":false,"source":"<a href=\"http:\/\/twitter.com\/download\/android\" rel=\"nofollow\">Twitter for Android<\/a>","in_reply_to_status_id":null,"in_reply_to_status_id_str":null,"in_reply_to_user_id":null,"in_reply_to_user_id_str":null,"in_reply_to_screen_name":null,"user":{"id":15196120,"id_str":"15196120","name":"Mandy Waite","screen_name":"tekgrrl","location":"Surrey, England","description":"Mandy works at Google where she's working to make the world a better place for developers building applications in the Cloud. Studying Japanese and Physics","url":"http:\/\/t.co\/DrGENU1J1a","entities":{"url":{"urls":[{"url":"http:\/\/t.co\/DrGENU1J1a","expanded_url":"http:\/\/about.me\/mandywaite","display_url":"about.me\/mandywaite","indices":[0,22]}]},"description":{"urls":[]}},"protected":false,"followers_count":2223,"friends_count":582,"listed_count":122,"created_at":"Sun Jun 22 08:55:58 +0000 2008","favourites_count":516,"utc_offset":0,"time_zone":"London","geo_enabled":true,"verified":false,"statuses_count":5331,"lang":"en","contributors_enabled":false,"is_translator":false,"is_translation_enabled":false,"profile_background_color":"C0DEED","profile_background_image_url":"http:\/\/abs.twimg.com\/images\/themes\/theme1\/bg.png","profile_background_image_url_https":"https:\/\/abs.twimg.com\/images\/themes\/theme1\/bg.png","profile_background_tile":false,"profile_image_url":"http:\/\/pbs.twimg.com\/profile_images\/483394450203222016\/lbQNac4e_normal.png","profile_image_url_https":"https:\/\/pbs.twimg.com\/profile_images\/483394450203222016\/lbQNac4e_normal.png","profile_banner_url":"https:\/\/pbs.twimg.com\/profile_banners\/15196120\/1427061820","profile_link_color":"0084B4","profile_sidebar_border_color":"C0DEED","profile_sidebar_fill_color":"DDEEF6","profile_text_color":"333333","profile_use_background_image":true,"has_extended_profile":false,"default_profile":true,"default_profile_image":false,"following":true,"follow_request_sent":false,"notifications":false},"geo":null,"coordinates":null,"place":{"id":"535f0c2de0121451","url":"https:\/\/api.twitter.com\/1.1\/geo\/id\/535f0c2de0121451.json","place_type":"city","name":"Warsaw","full_name":"Warsaw, Poland","country_code":"PL","country":"Polska","contained_within":[],"bounding_box":{"type":"Polygon","coordinates":[[[20.8525518,52.0977088],[21.2710282,52.0977088],[21.2710282,52.3679617],[20.8525518,52.3679617]]]},"attributes":[]},"contributors":null,"is_quote_status":false,"retweet_count":1,"favorite_count":2,"entities":{"hashtags":[{"text":"DCComics","indices":[50,59]}],"symbols":[],"user_mentions":[],"urls":[],"media":[{"id":657969818071490561,"id_str":"657969818071490561","indices":[60,83],"media_url":"http:\/\/pbs.twimg.com\/media\/CSGUED8UYAEKwG3.jpg","media_url_https":"https:\/\/pbs.twimg.com\/media\/CSGUED8UYAEKwG3.jpg","url":"https:\/\/t.co\/WsPE1TGmrv","display_url":"pic.twitter.com\/WsPE1TGmrv","expanded_url":"http:\/\/twitter.com\/tekgrrl\/status\/657969831812210689\/photo\/1","type":"photo","sizes":{"large":{"w":780,"h":1040,"resize":"fit"},"thumb":{"w":150,"h":150,"resize":"crop"},"medium":{"w":600,"h":800,"resize":"fit"},"small":{"w":340,"h":453,"resize":"fit"}}}]},"extended_entities":{"media":[{"id":657969818071490561,"id_str":"657969818071490561","indices":[60,83],"media_url":"http:\/\/pbs.twimg.com\/media\/CSGUED8UYAEKwG3.jpg","media_url_https":"https:\/\/pbs.twimg.com\/media\/CSGUED8UYAEKwG3.jpg","url":"https:\/\/t.co\/WsPE1TGmrv","display_url":"pic.twitter.com\/WsPE1TGmrv","expanded_url":"http:\/\/twitter.com\/tekgrrl\/status\/657969831812210689\/photo\/1","type":"photo","sizes":{"large":{"w":780,"h":1040,"resize":"fit"},"thumb":{"w":150,"h":150,"resize":"crop"},"medium":{"w":600,"h":800,"resize":"fit"},"small":{"w":340,"h":453,"resize":"fit"}}}]},"favorited":true,"retweeted":false,"possibly_sensitive":false,"lang":"en"},{"created_at":"Sat Oct 24 15:14:47 +0000 2015","id":657938291132616704,"id_str":"657938291132616704","text":"@p1f &amp; Co - \u0434\u044f\u043a\u0443\u044e \u0437\u0430 \u0447\u0443\u0434\u043e\u0432\u0438\u0439 #gdgdevfest #dfua . @_Marichka______ @korytsya @terii8 \u044f\u043a \u0437\u0430\u0432\u0448\u0435 \u0434\u0443\u0436\u0435 \u0440\u0430\u0434\u0438\u0439 \u0431\u0430\u0447\u0438\u0442\u0438. \u0413\u0430\u0440\u043d\u043e\u0457 \u0432\u0435\u0447\u0456\u0440\u043a\u0438 \u0432\u0430\u043c ;)","truncated":false,"source":"<a href=\"https:\/\/about.twitter.com\/products\/tweetdeck\" rel=\"nofollow\">TweetDeck<\/a>","in_reply_to_status_id":null,"in_reply_to_status_id_str":null,"in_reply_to_user_id":24931664,"in_reply_to_user_id_str":"24931664","in_reply_to_screen_name":"p1f","user":{"id":22995174,"id_str":"22995174","name":"core_st","screen_name":"Core_st","location":"Ternopil\/Lviv","description":"DevOps Engineer  | For interested persons and organizations use:          \ncurl https:\/\/t.co\/AhRxsNsT7S","url":"https:\/\/t.co\/sN0jQDV72L","entities":{"url":{"urls":[{"url":"https:\/\/t.co\/sN0jQDV72L","expanded_url":"http:\/\/itblogger.org.ua","display_url":"itblogger.org.ua","indices":[0,23]}]},"description":{"urls":[{"url":"https:\/\/t.co\/AhRxsNsT7S","expanded_url":"http:\/\/cv.itblogger.org.ua","display_url":"cv.itblogger.org.ua","indices":[80,103]}]}},"protected":false,"followers_count":1600,"friends_count":491,"listed_count":68,"created_at":"Thu Mar 05 23:09:02 +0000 2009","favourites_count":2616,"utc_offset":7200,"time_zone":"Kyiv","geo_enabled":true,"verified":false,"statuses_count":34465,"lang":"en","contributors_enabled":false,"is_translator":false,"is_translation_enabled":false,"profile_background_color":"C6E2EE","profile_background_image_url":"http:\/\/pbs.twimg.com\/profile_background_images\/188265529\/twilk_background_4d2220fc0e0be.jpg","profile_background_image_url_https":"https:\/\/pbs.twimg.com\/profile_background_images\/188265529\/twilk_background_4d2220fc0e0be.jpg","profile_background_tile":false,"profile_image_url":"http:\/\/pbs.twimg.com\/profile_images\/674285024238284801\/arz9wV4A_normal.jpg","profile_image_url_https":"https:\/\/pbs.twimg.com\/profile_images\/674285024238284801\/arz9wV4A_normal.jpg","profile_link_color":"1F98C7","profile_sidebar_border_color":"C6E2EE","profile_sidebar_fill_color":"DAECF4","profile_text_color":"663B12","profile_use_background_image":true,"has_extended_profile":false,"default_profile":false,"default_profile_image":false,"following":false,"follow_request_sent":false,"notifications":false},"geo":null,"coordinates":null,"place":null,"contributors":null,"is_quote_status":false,"retweet_count":0,"favorite_count":1,"entities":{"hashtags":[{"text":"gdgdevfest","indices":[33,44]},{"text":"dfua","indices":[45,50]}],"symbols":[],"user_mentions":[{"screen_name":"p1f","name":"Ostap Andrusiv","id":24931664,"id_str":"24931664","indices":[0,4]},{"screen_name":"_Marichka______","name":"Mari","id":226610831,"id_str":"226610831","indices":[53,69]},{"screen_name":"korytsya","name":"\u041e\u043a\u0441\u0430\u043d\u0430","id":235638705,"id_str":"235638705","indices":[70,79]},{"screen_name":"terii8","name":"terezka","id":161628207,"id_str":"161628207","indices":[80,87]}],"urls":[]},"favorited":true,"retweeted":false,"lang":"uk"},{"created_at":"Sat Oct 24 14:25:43 +0000 2015","id":657925945018437633,"id_str":"657925945018437633","text":"\u0417\u0430 \u0446\u0435 \u044f \u043b\u044e\u0431\u043b\u044e \u0406\u0422-\u043a\u043e\u043d\u0444\u0435\u0440\u0435\u043d\u0446\u0456\u0457. \u041f\u043e\u0434\u0438\u0432\u0456\u0442\u044c\u0441\u044f, \u044f\u043a \u0441\u0438\u0434\u044f\u0442\u044c \u0434\u043e\u043f\u043e\u0432\u0456\u0434\u0430\u0447\u0456 \u2013 \u0432\u0456\u0434\u0447\u0443\u0432\u0430\u0454\u0442\u044c\u0441\u044f \u043d\u0430\u0431\u0430\u0433\u0430\u0442\u043e \u0442\u0456\u0441\u043d\u0456\u0448\u0438\u0439 \u0437'\u044f\u0437\u043e\u043a \u0437 \u0441\u043b\u0443\u0445\u0430\u0447\u0430\u043c\u0438 https:\/\/t.co\/gLQ6XlFACu","truncated":false,"source":"<a href=\"http:\/\/twitter.com\/download\/android\" rel=\"nofollow\">Twitter for Android<\/a>","in_reply_to_status_id":null,"in_reply_to_status_id_str":null,"in_reply_to_user_id":null,"in_reply_to_user_id_str":null,"in_reply_to_screen_name":null,"user":{"id":226610831,"id_str":"226610831","name":"Mari","screen_name":"_Marichka______","location":"Lviv","description":"Eccedentesiast","url":null,"entities":{"description":{"urls":[]}},"protected":false,"followers_count":1555,"friends_count":199,"listed_count":53,"created_at":"Tue Dec 14 16:26:20 +0000 2010","favourites_count":137,"utc_offset":-18000,"time_zone":"Quito","geo_enabled":true,"verified":false,"statuses_count":23013,"lang":"uk","contributors_enabled":false,"is_translator":false,"is_translation_enabled":false,"profile_background_color":"131516","profile_background_image_url":"http:\/\/pbs.twimg.com\/profile_background_images\/581480616123756544\/z2j-awW1.jpg","profile_background_image_url_https":"https:\/\/pbs.twimg.com\/profile_background_images\/581480616123756544\/z2j-awW1.jpg","profile_background_tile":true,"profile_image_url":"http:\/\/pbs.twimg.com\/profile_images\/691319943934152705\/8Ft584Rs_normal.jpg","profile_image_url_https":"https:\/\/pbs.twimg.com\/profile_images\/691319943934152705\/8Ft584Rs_normal.jpg","profile_banner_url":"https:\/\/pbs.twimg.com\/profile_banners\/226610831\/1454363761","profile_link_color":"000000","profile_sidebar_border_color":"000000","profile_sidebar_fill_color":"EBEBB5","profile_text_color":"785035","profile_use_background_image":true,"has_extended_profile":false,"default_profile":false,"default_profile_image":false,"following":false,"follow_request_sent":false,"notifications":false},"geo":null,"coordinates":null,"place":null,"contributors":null,"is_quote_status":false,"retweet_count":1,"favorite_count":3,"entities":{"hashtags":[],"symbols":[],"user_mentions":[],"urls":[],"media":[{"id":657925937103806464,"id_str":"657925937103806464","indices":[115,138],"media_url":"http:\/\/pbs.twimg.com\/media\/CSFsJ2mWoAAtCkT.jpg","media_url_https":"https:\/\/pbs.twimg.com\/media\/CSFsJ2mWoAAtCkT.jpg","url":"https:\/\/t.co\/gLQ6XlFACu","display_url":"pic.twitter.com\/gLQ6XlFACu","expanded_url":"http:\/\/twitter.com\/_Marichka______\/status\/657925945018437633\/photo\/1","type":"photo","sizes":{"medium":{"w":600,"h":444,"resize":"fit"},"small":{"w":340,"h":252,"resize":"fit"},"thumb":{"w":150,"h":150,"resize":"crop"},"large":{"w":1024,"h":758,"resize":"fit"}}}]},"extended_entities":{"media":[{"id":657925937103806464,"id_str":"657925937103806464","indices":[115,138],"media_url":"http:\/\/pbs.twimg.com\/media\/CSFsJ2mWoAAtCkT.jpg","media_url_https":"https:\/\/pbs.twimg.com\/media\/CSFsJ2mWoAAtCkT.jpg","url":"https:\/\/t.co\/gLQ6XlFACu","display_url":"pic.twitter.com\/gLQ6XlFACu","expanded_url":"http:\/\/twitter.com\/_Marichka______\/status\/657925945018437633\/photo\/1","type":"photo","sizes":{"medium":{"w":600,"h":444,"resize":"fit"},"small":{"w":340,"h":252,"resize":"fit"},"thumb":{"w":150,"h":150,"resize":"crop"},"large":{"w":1024,"h":758,"resize":"fit"}}}]},"favorited":true,"retweeted":false,"possibly_sensitive":false,"lang":"uk"},{"created_at":"Sat Oct 24 13:45:00 +0000 2015","id":657915699881484288,"id_str":"657915699881484288","text":"\"\u0415\u0441\u043b\u0438 \u0443 \u0432\u0430\u0441 \u0440\u0443\u043a\u0438 \u0438\u0437 \u0436\u043e\u043f\u044b, \u0442\u043e \u0433\u043e\u0432\u043d\u043e\u043a\u043e\u0434 \u0432\u044b \u043d\u0430\u043f\u0438\u0448\u0435\u0442\u0435 \u043a\u0430\u043a \u043d\u0430 C \u0442\u0430\u043a \u0438 \u043d\u0430 Java Script\" by @dimko1 #dfua #gdglviv #gdgdevfest @GDGLviv","truncated":false,"source":"<a href=\"http:\/\/twitter.com\/download\/android\" rel=\"nofollow\">Twitter for Android<\/a>","in_reply_to_status_id":null,"in_reply_to_status_id_str":null,"in_reply_to_user_id":null,"in_reply_to_user_id_str":null,"in_reply_to_screen_name":null,"user":{"id":88620526,"id_str":"88620526","name":"Levis Carroll","screen_name":"leviscarroll","location":"Ukraine, Kyiv","description":"Web Developer","url":"http:\/\/t.co\/Iq3498u7rq","entities":{"url":{"urls":[{"url":"http:\/\/t.co\/Iq3498u7rq","expanded_url":"http:\/\/plus.google.com\/+CarolineYanko\/","display_url":"plus.google.com\/+CarolineYanko\/","indices":[0,22]}]},"description":{"urls":[]}},"protected":false,"followers_count":93,"friends_count":98,"listed_count":6,"created_at":"Mon Nov 09 08:09:37 +0000 2009","favourites_count":661,"utc_offset":7200,"time_zone":"Kyiv","geo_enabled":true,"verified":false,"statuses_count":1077,"lang":"en","contributors_enabled":false,"is_translator":false,"is_translation_enabled":false,"profile_background_color":"C0DEED","profile_background_image_url":"http:\/\/pbs.twimg.com\/profile_background_images\/459225183119622145\/X-b0j7PD.jpeg","profile_background_image_url_https":"https:\/\/pbs.twimg.com\/profile_background_images\/459225183119622145\/X-b0j7PD.jpeg","profile_background_tile":false,"profile_image_url":"http:\/\/pbs.twimg.com\/profile_images\/544103637031456769\/T3QXhXYE_normal.jpeg","profile_image_url_https":"https:\/\/pbs.twimg.com\/profile_images\/544103637031456769\/T3QXhXYE_normal.jpeg","profile_banner_url":"https:\/\/pbs.twimg.com\/profile_banners\/88620526\/1398322953","profile_link_color":"0084B4","profile_sidebar_border_color":"FFFFFF","profile_sidebar_fill_color":"DDEEF6","profile_text_color":"333333","profile_use_background_image":true,"has_extended_profile":true,"default_profile":false,"default_profile_image":false,"following":false,"follow_request_sent":false,"notifications":false},"geo":null,"coordinates":null,"place":{"id":"084d0d0155787e9d","url":"https:\/\/api.twitter.com\/1.1\/geo\/id\/084d0d0155787e9d.json","place_type":"country","name":"Ukraine","full_name":"Ukraine","country_code":"UA","country":"\u0423\u043a\u0440\u0430\u0457\u043d\u0430","contained_within":[],"bounding_box":{"type":"Polygon","coordinates":[[[22.1357201,44.386383],[40.227172,44.386383],[40.227172,52.379475],[22.1357201,52.379475]]]},"attributes":[]},"contributors":null,"is_quote_status":false,"retweet_count":0,"favorite_count":2,"entities":{"hashtags":[{"text":"dfua","indices":[92,97]},{"text":"gdglviv","indices":[98,106]},{"text":"gdgdevfest","indices":[107,118]}],"symbols":[],"user_mentions":[{"screen_name":"dimko1","name":"\u042f \u0435\u0441\u0442\u044c XSLT","id":50756145,"id_str":"50756145","indices":[84,91]},{"screen_name":"GDGLviv","name":"GDGLviv","id":532337361,"id_str":"532337361","indices":[119,127]}],"urls":[]},"favorited":true,"retweeted":false,"lang":"ru"},{"created_at":"Sat Oct 24 13:09:07 +0000 2015","id":657906665598136322,"id_str":"657906665598136322","text":"Look! It's @Tajchert to speak about notifications at #dfua #gdglviv https:\/\/t.co\/Z8jS9CPbfM","truncated":false,"source":"<a href=\"http:\/\/twitter.com\/download\/android\" rel=\"nofollow\">Twitter for Android<\/a>","in_reply_to_status_id":null,"in_reply_to_status_id_str":null,"in_reply_to_user_id":null,"in_reply_to_user_id_str":null,"in_reply_to_screen_name":null,"user":{"id":433521644,"id_str":"433521644","name":"Mateusz Herych","screen_name":"mherych","location":"Krak\u00f3w, Poland","description":"Android Tech Lead at @IGcom, Google Developer Expert for Android. Twins' daddy.","url":null,"entities":{"description":{"urls":[]}},"protected":false,"followers_count":572,"friends_count":631,"listed_count":29,"created_at":"Sat Dec 10 17:31:25 +0000 2011","favourites_count":100,"utc_offset":null,"time_zone":null,"geo_enabled":true,"verified":false,"statuses_count":1588,"lang":"en","contributors_enabled":false,"is_translator":false,"is_translation_enabled":false,"profile_background_color":"C0DEED","profile_background_image_url":"http:\/\/abs.twimg.com\/images\/themes\/theme1\/bg.png","profile_background_image_url_https":"https:\/\/abs.twimg.com\/images\/themes\/theme1\/bg.png","profile_background_tile":false,"profile_image_url":"http:\/\/pbs.twimg.com\/profile_images\/665429650294898688\/SA8ISzoE_normal.png","profile_image_url_https":"https:\/\/pbs.twimg.com\/profile_images\/665429650294898688\/SA8ISzoE_normal.png","profile_link_color":"0084B4","profile_sidebar_border_color":"C0DEED","profile_sidebar_fill_color":"DDEEF6","profile_text_color":"333333","profile_use_background_image":true,"has_extended_profile":false,"default_profile":true,"default_profile_image":false,"following":false,"follow_request_sent":false,"notifications":false},"geo":null,"coordinates":null,"place":{"id":"084d0d0155787e9d","url":"https:\/\/api.twitter.com\/1.1\/geo\/id\/084d0d0155787e9d.json","place_type":"country","name":"Ukraine","full_name":"Ukraine","country_code":"UA","country":"\u0423\u043a\u0440\u0430\u0457\u043d\u0430","contained_within":[],"bounding_box":{"type":"Polygon","coordinates":[[[22.1357201,44.386383],[40.227172,44.386383],[40.227172,52.379475],[22.1357201,52.379475]]]},"attributes":[]},"contributors":null,"is_quote_status":false,"retweet_count":2,"favorite_count":5,"entities":{"hashtags":[{"text":"dfua","indices":[53,58]},{"text":"gdglviv","indices":[59,67]}],"symbols":[],"user_mentions":[{"screen_name":"Tajchert","name":"Micha\u0142 Tajchert","id":87698337,"id_str":"87698337","indices":[11,20]}],"urls":[],"media":[{"id":657906653648392192,"id_str":"657906653648392192","indices":[68,91],"media_url":"http:\/\/pbs.twimg.com\/media\/CSFanaIUEAA9J5S.jpg","media_url_https":"https:\/\/pbs.twimg.com\/media\/CSFanaIUEAA9J5S.jpg","url":"https:\/\/t.co\/Z8jS9CPbfM","display_url":"pic.twitter.com\/Z8jS9CPbfM","expanded_url":"http:\/\/twitter.com\/mherych\/status\/657906665598136322\/photo\/1","type":"photo","sizes":{"thumb":{"w":150,"h":150,"resize":"crop"},"medium":{"w":600,"h":800,"resize":"fit"},"large":{"w":768,"h":1024,"resize":"fit"},"small":{"w":340,"h":453,"resize":"fit"}}}]},"extended_entities":{"media":[{"id":657906653648392192,"id_str":"657906653648392192","indices":[68,91],"media_url":"http:\/\/pbs.twimg.com\/media\/CSFanaIUEAA9J5S.jpg","media_url_https":"https:\/\/pbs.twimg.com\/media\/CSFanaIUEAA9J5S.jpg","url":"https:\/\/t.co\/Z8jS9CPbfM","display_url":"pic.twitter.com\/Z8jS9CPbfM","expanded_url":"http:\/\/twitter.com\/mherych\/status\/657906665598136322\/photo\/1","type":"photo","sizes":{"thumb":{"w":150,"h":150,"resize":"crop"},"medium":{"w":600,"h":800,"resize":"fit"},"large":{"w":768,"h":1024,"resize":"fit"},"small":{"w":340,"h":453,"resize":"fit"}}}]},"favorited":true,"retweeted":true,"possibly_sensitive":false,"lang":"en"},{"created_at":"Sat Oct 24 12:53:19 +0000 2015","id":657902691256041472,"id_str":"657902691256041472","text":"Cool event. Thanks @GDGLviv for good experience and new meetings :)\n#gdg #dfua #gdgrocks https:\/\/t.co\/nOv7PHlVxO","truncated":false,"source":"<a href=\"http:\/\/twitter.com\/download\/android\" rel=\"nofollow\">Twitter for Android<\/a>","in_reply_to_status_id":null,"in_reply_to_status_id_str":null,"in_reply_to_user_id":null,"in_reply_to_user_id_str":null,"in_reply_to_screen_name":null,"user":{"id":3997833557,"id_str":"3997833557","name":"Ruslan Kishai","screen_name":"creageek","location":"Ukraine, Zolochiv","description":"student, beginner android developer, guitar player","url":null,"entities":{"description":{"urls":[]}},"protected":false,"followers_count":20,"friends_count":59,"listed_count":3,"created_at":"Mon Oct 19 23:14:09 +0000 2015","favourites_count":168,"utc_offset":7200,"time_zone":"Kiev","geo_enabled":false,"verified":false,"statuses_count":88,"lang":"en","contributors_enabled":false,"is_translator":false,"is_translation_enabled":false,"profile_background_color":"FFCC4D","profile_background_image_url":"http:\/\/pbs.twimg.com\/profile_background_images\/691364613867249664\/rtd_idUD.jpg","profile_background_image_url_https":"https:\/\/pbs.twimg.com\/profile_background_images\/691364613867249664\/rtd_idUD.jpg","profile_background_tile":true,"profile_image_url":"http:\/\/pbs.twimg.com\/profile_images\/656382693844873216\/sHz-7mwq_normal.jpg","profile_image_url_https":"https:\/\/pbs.twimg.com\/profile_images\/656382693844873216\/sHz-7mwq_normal.jpg","profile_banner_url":"https:\/\/pbs.twimg.com\/profile_banners\/3997833557\/1445329472","profile_link_color":"FFCC4D","profile_sidebar_border_color":"000000","profile_sidebar_fill_color":"000000","profile_text_color":"000000","profile_use_background_image":true,"has_extended_profile":true,"default_profile":false,"default_profile_image":false,"following":false,"follow_request_sent":false,"notifications":false},"geo":null,"coordinates":null,"place":null,"contributors":null,"quoted_status_id":657895666975416320,"quoted_status_id_str":"657895666975416320","quoted_status":{"created_at":"Sat Oct 24 12:25:24 +0000 2015","id":657895666975416320,"id_str":"657895666975416320","text":"Our big family. #gdgfest #gdgdevfest #dfua https:\/\/t.co\/c5AVdr58Bq","truncated":false,"source":"<a href=\"http:\/\/bufferapp.com\" rel=\"nofollow\">Buffer<\/a>","in_reply_to_status_id":null,"in_reply_to_status_id_str":null,"in_reply_to_user_id":null,"in_reply_to_user_id_str":null,"in_reply_to_screen_name":null,"user":{"id":532337361,"id_str":"532337361","name":"GDGLviv","screen_name":"GDGLviv","location":"Lviv","description":"Google Developers Group Lviv","url":"http:\/\/t.co\/FS6CUWIZmQ","entities":{"url":{"urls":[{"url":"http:\/\/t.co\/FS6CUWIZmQ","expanded_url":"http:\/\/lviv.gdg.org.ua\/","display_url":"lviv.gdg.org.ua","indices":[0,22]}]},"description":{"urls":[]}},"protected":false,"followers_count":233,"friends_count":79,"listed_count":9,"created_at":"Wed Mar 21 14:01:36 +0000 2012","favourites_count":123,"utc_offset":7200,"time_zone":"Athens","geo_enabled":true,"verified":false,"statuses_count":694,"lang":"en","contributors_enabled":false,"is_translator":false,"is_translation_enabled":false,"profile_background_color":"F1F1F1","profile_background_image_url":"http:\/\/pbs.twimg.com\/profile_background_images\/517412256\/Capturex.png","profile_background_image_url_https":"https:\/\/pbs.twimg.com\/profile_background_images\/517412256\/Capturex.png","profile_background_tile":true,"profile_image_url":"http:\/\/pbs.twimg.com\/profile_images\/490948729726193664\/UdDcU2aF_normal.jpeg","profile_image_url_https":"https:\/\/pbs.twimg.com\/profile_images\/490948729726193664\/UdDcU2aF_normal.jpeg","profile_banner_url":"https:\/\/pbs.twimg.com\/profile_banners\/532337361\/1419163316","profile_link_color":"2079C7","profile_sidebar_border_color":"C0DEED","profile_sidebar_fill_color":"DDEEF6","profile_text_color":"333333","profile_use_background_image":true,"has_extended_profile":false,"default_profile":false,"default_profile_image":false,"following":false,"follow_request_sent":false,"notifications":false},"geo":null,"coordinates":null,"place":null,"contributors":null,"is_quote_status":false,"retweet_count":2,"favorite_count":2,"entities":{"hashtags":[{"text":"gdgfest","indices":[16,24]},{"text":"gdgdevfest","indices":[25,36]},{"text":"dfua","indices":[37,42]}],"symbols":[],"user_mentions":[],"urls":[],"media":[{"id":657895666858008576,"id_str":"657895666858008576","indices":[43,66],"media_url":"http:\/\/pbs.twimg.com\/media\/CSFQn5JXIAAbMzP.jpg","media_url_https":"https:\/\/pbs.twimg.com\/media\/CSFQn5JXIAAbMzP.jpg","url":"https:\/\/t.co\/c5AVdr58Bq","display_url":"pic.twitter.com\/c5AVdr58Bq","expanded_url":"http:\/\/twitter.com\/GDGLviv\/status\/657895666975416320\/photo\/1","type":"photo","sizes":{"medium":{"w":600,"h":338,"resize":"fit"},"large":{"w":960,"h":540,"resize":"fit"},"thumb":{"w":150,"h":150,"resize":"crop"},"small":{"w":340,"h":191,"resize":"fit"}}}]},"extended_entities":{"media":[{"id":657895666858008576,"id_str":"657895666858008576","indices":[43,66],"media_url":"http:\/\/pbs.twimg.com\/media\/CSFQn5JXIAAbMzP.jpg","media_url_https":"https:\/\/pbs.twimg.com\/media\/CSFQn5JXIAAbMzP.jpg","url":"https:\/\/t.co\/c5AVdr58Bq","display_url":"pic.twitter.com\/c5AVdr58Bq","expanded_url":"http:\/\/twitter.com\/GDGLviv\/status\/657895666975416320\/photo\/1","type":"photo","sizes":{"medium":{"w":600,"h":338,"resize":"fit"},"large":{"w":960,"h":540,"resize":"fit"},"thumb":{"w":150,"h":150,"resize":"crop"},"small":{"w":340,"h":191,"resize":"fit"}}}]},"favorited":false,"retweeted":false,"possibly_sensitive":true,"lang":"en"},"is_quote_status":true,"retweet_count":1,"favorite_count":1,"entities":{"hashtags":[{"text":"gdg","indices":[68,72]},{"text":"dfua","indices":[73,78]},{"text":"gdgrocks","indices":[79,88]}],"symbols":[],"user_mentions":[{"screen_name":"GDGLviv","name":"GDGLviv","id":532337361,"id_str":"532337361","indices":[19,27]}],"urls":[{"url":"https:\/\/t.co\/nOv7PHlVxO","expanded_url":"https:\/\/twitter.com\/GDGLviv\/status\/657895666975416320","display_url":"twitter.com\/GDGLviv\/status\u2026","indices":[89,112]}]},"favorited":true,"retweeted":false,"possibly_sensitive":false,"lang":"en"},{"created_at":"Sat Oct 24 12:27:27 +0000 2015","id":657896182493114369,"id_str":"657896182493114369","text":"All #Android versions on one table #dfua https:\/\/t.co\/zHml9I0X7m","truncated":false,"source":"<a href=\"http:\/\/twitter.com\/download\/android\" rel=\"nofollow\">Twitter for Android<\/a>","in_reply_to_status_id":null,"in_reply_to_status_id_str":null,"in_reply_to_user_id":null,"in_reply_to_user_id_str":null,"in_reply_to_screen_name":null,"user":{"id":2389539040,"id_str":"2389539040","name":"Yuriy Dizhak","screen_name":"yuradizhak","location":"Lviv","description":"","url":null,"entities":{"description":{"urls":[]}},"protected":false,"followers_count":44,"friends_count":113,"listed_count":0,"created_at":"Thu Mar 06 22:39:02 +0000 2014","favourites_count":7,"utc_offset":7200,"time_zone":"Kyiv","geo_enabled":false,"verified":false,"statuses_count":175,"lang":"en","contributors_enabled":false,"is_translator":false,"is_translation_enabled":false,"profile_background_color":"1A1B1F","profile_background_image_url":"http:\/\/abs.twimg.com\/images\/themes\/theme9\/bg.gif","profile_background_image_url_https":"https:\/\/abs.twimg.com\/images\/themes\/theme9\/bg.gif","profile_background_tile":false,"profile_image_url":"http:\/\/pbs.twimg.com\/profile_images\/581407683552608257\/A3dG7rZc_normal.jpg","profile_image_url_https":"https:\/\/pbs.twimg.com\/profile_images\/581407683552608257\/A3dG7rZc_normal.jpg","profile_link_color":"2FC2EF","profile_sidebar_border_color":"181A1E","profile_sidebar_fill_color":"252429","profile_text_color":"666666","profile_use_background_image":true,"has_extended_profile":false,"default_profile":false,"default_profile_image":false,"following":false,"follow_request_sent":false,"notifications":false},"geo":null,"coordinates":null,"place":null,"contributors":null,"is_quote_status":false,"retweet_count":2,"favorite_count":1,"entities":{"hashtags":[{"text":"Android","indices":[4,12]},{"text":"dfua","indices":[35,40]}],"symbols":[],"user_mentions":[],"urls":[],"media":[{"id":657896162347884544,"id_str":"657896162347884544","indices":[41,64],"media_url":"http:\/\/pbs.twimg.com\/media\/CSFREu_WoAAGCkM.jpg","media_url_https":"https:\/\/pbs.twimg.com\/media\/CSFREu_WoAAGCkM.jpg","url":"https:\/\/t.co\/zHml9I0X7m","display_url":"pic.twitter.com\/zHml9I0X7m","expanded_url":"http:\/\/twitter.com\/yuradizhak\/status\/657896182493114369\/photo\/1","type":"photo","sizes":{"large":{"w":1024,"h":576,"resize":"fit"},"small":{"w":340,"h":191,"resize":"fit"},"medium":{"w":600,"h":338,"resize":"fit"},"thumb":{"w":150,"h":150,"resize":"crop"}}}]},"extended_entities":{"media":[{"id":657896162347884544,"id_str":"657896162347884544","indices":[41,64],"media_url":"http:\/\/pbs.twimg.com\/media\/CSFREu_WoAAGCkM.jpg","media_url_https":"https:\/\/pbs.twimg.com\/media\/CSFREu_WoAAGCkM.jpg","url":"https:\/\/t.co\/zHml9I0X7m","display_url":"pic.twitter.com\/zHml9I0X7m","expanded_url":"http:\/\/twitter.com\/yuradizhak\/status\/657896182493114369\/photo\/1","type":"photo","sizes":{"large":{"w":1024,"h":576,"resize":"fit"},"small":{"w":340,"h":191,"resize":"fit"},"medium":{"w":600,"h":338,"resize":"fit"},"thumb":{"w":150,"h":150,"resize":"crop"}}}]},"favorited":true,"retweeted":true,"possibly_sensitive":false,"lang":"en"},{"created_at":"Sat Oct 24 11:40:13 +0000 2015","id":657884295873327104,"id_str":"657884295873327104","text":"@Tajchert @mherych @GDGLviv \u0456\u043c\u0445\u043e, \u043a\u0440\u0430\u0449\u0430 \u0434\u043e\u043f\u043e\u0432\u0456\u0434\u044c \u0437\u0430 \u0434\u0432\u0430 \u0434\u043d\u0456:) \u041f\u043e \u0437\u0430\u043f\u0438\u0442\u0430\u043d\u043d\u044f\u0445 \u0437 \u0437\u0430\u043b\u0443, \u0437\u0440\u0443\u0437\u0443\u043c\u0456\u043b\u043e, \u0434\u043b\u044f \u043a\u043e\u0433\u043e \u0431\u0443\u043b\u0438 \u043f\u043e\u043f\u0435\u0440\u0435\u0434\u043d\u0456 \u0434\u043e\u043f\u043e\u0432\u0456\u0434\u0456:)","truncated":false,"source":"<a href=\"http:\/\/twitter.com\/download\/android\" rel=\"nofollow\">Twitter for Android<\/a>","in_reply_to_status_id":657873578407268353,"in_reply_to_status_id_str":"657873578407268353","in_reply_to_user_id":87698337,"in_reply_to_user_id_str":"87698337","in_reply_to_screen_name":"Tajchert","user":{"id":191917659,"id_str":"191917659","name":"Artur Trofymchuk","screen_name":"serveravt","location":"kiev","description":"Software Developer","url":"http:\/\/t.co\/8r74Fyfzx2","entities":{"url":{"urls":[{"url":"http:\/\/t.co\/8r74Fyfzx2","expanded_url":"http:\/\/trofymchuk.net","display_url":"trofymchuk.net","indices":[0,22]}]},"description":{"urls":[]}},"protected":false,"followers_count":113,"friends_count":63,"listed_count":2,"created_at":"Fri Sep 17 18:04:02 +0000 2010","favourites_count":63,"utc_offset":7200,"time_zone":"Kyiv","geo_enabled":true,"verified":false,"statuses_count":3007,"lang":"en","contributors_enabled":false,"is_translator":false,"is_translation_enabled":false,"profile_background_color":"000000","profile_background_image_url":"http:\/\/pbs.twimg.com\/profile_background_images\/780045778\/58518b2b508b91de9cc748cde1973256.jpeg","profile_background_image_url_https":"https:\/\/pbs.twimg.com\/profile_background_images\/780045778\/58518b2b508b91de9cc748cde1973256.jpeg","profile_background_tile":false,"profile_image_url":"http:\/\/pbs.twimg.com\/profile_images\/1168536929\/avatar_foto_normal.png","profile_image_url_https":"https:\/\/pbs.twimg.com\/profile_images\/1168536929\/avatar_foto_normal.png","profile_banner_url":"https:\/\/pbs.twimg.com\/profile_banners\/191917659\/1392835685","profile_link_color":"0084B4","profile_sidebar_border_color":"FFFFFF","profile_sidebar_fill_color":"DDEEF6","profile_text_color":"333333","profile_use_background_image":true,"has_extended_profile":false,"default_profile":false,"default_profile_image":false,"following":false,"follow_request_sent":false,"notifications":false},"geo":null,"coordinates":null,"place":{"id":"084d0d0155787e9d","url":"https:\/\/api.twitter.com\/1.1\/geo\/id\/084d0d0155787e9d.json","place_type":"country","name":"Ukraine","full_name":"Ukraine","country_code":"UA","country":"\u0423\u043a\u0440\u0430\u0457\u043d\u0430","contained_within":[],"bounding_box":{"type":"Polygon","coordinates":[[[22.1357201,44.386383],[40.227172,44.386383],[40.227172,52.379475],[22.1357201,52.379475]]]},"attributes":[]},"contributors":null,"is_quote_status":false,"retweet_count":0,"favorite_count":2,"entities":{"hashtags":[],"symbols":[],"user_mentions":[{"screen_name":"Tajchert","name":"Micha\u0142 Tajchert","id":87698337,"id_str":"87698337","indices":[0,9]},{"screen_name":"mherych","name":"Mateusz Herych","id":433521644,"id_str":"433521644","indices":[10,18]},{"screen_name":"GDGLviv","name":"GDGLviv","id":532337361,"id_str":"532337361","indices":[19,27]}],"urls":[]},"favorited":true,"retweeted":false,"lang":"uk"},{"created_at":"Sat Oct 24 10:57:38 +0000 2015","id":657873578407268353,"id_str":"657873578407268353","text":"Now on stage @mherych talking about #carBackup #dfua @GDGLviv https:\/\/t.co\/dM5KFvjaGR","truncated":false,"source":"<a href=\"http:\/\/twitter.com\/download\/android\" rel=\"nofollow\">Twitter for Android<\/a>","in_reply_to_status_id":null,"in_reply_to_status_id_str":null,"in_reply_to_user_id":null,"in_reply_to_user_id_str":null,"in_reply_to_screen_name":null,"user":{"id":87698337,"id_str":"87698337","name":"Micha\u0142 Tajchert","screen_name":"Tajchert","location":"Warsaw","description":"Android expert & startup addict.\nCEO @12HoursClock","url":"https:\/\/t.co\/kQxs45iWqd","entities":{"url":{"urls":[{"url":"https:\/\/t.co\/kQxs45iWqd","expanded_url":"http:\/\/tajchert.pl\/","display_url":"tajchert.pl","indices":[0,23]}]},"description":{"urls":[]}},"protected":false,"followers_count":309,"friends_count":195,"listed_count":24,"created_at":"Thu Nov 05 14:23:48 +0000 2009","favourites_count":939,"utc_offset":3600,"time_zone":"Warsaw","geo_enabled":true,"verified":false,"statuses_count":1123,"lang":"en","contributors_enabled":false,"is_translator":false,"is_translation_enabled":false,"profile_background_color":"131516","profile_background_image_url":"http:\/\/abs.twimg.com\/images\/themes\/theme14\/bg.gif","profile_background_image_url_https":"https:\/\/abs.twimg.com\/images\/themes\/theme14\/bg.gif","profile_background_tile":true,"profile_image_url":"http:\/\/pbs.twimg.com\/profile_images\/494037481864433666\/nPThvrWy_normal.jpeg","profile_image_url_https":"https:\/\/pbs.twimg.com\/profile_images\/494037481864433666\/nPThvrWy_normal.jpeg","profile_banner_url":"https:\/\/pbs.twimg.com\/profile_banners\/87698337\/1359501874","profile_link_color":"009999","profile_sidebar_border_color":"EEEEEE","profile_sidebar_fill_color":"EFEFEF","profile_text_color":"333333","profile_use_background_image":true,"has_extended_profile":false,"default_profile":false,"default_profile_image":false,"following":false,"follow_request_sent":false,"notifications":false},"geo":null,"coordinates":null,"place":{"id":"084d0d0155787e9d","url":"https:\/\/api.twitter.com\/1.1\/geo\/id\/084d0d0155787e9d.json","place_type":"country","name":"Ukraine","full_name":"Ukraine","country_code":"UA","country":"\u0423\u043a\u0440\u0430\u0457\u043d\u0430","contained_within":[],"bounding_box":{"type":"Polygon","coordinates":[[[22.1357201,44.386383],[40.227172,44.386383],[40.227172,52.379475],[22.1357201,52.379475]]]},"attributes":[]},"contributors":null,"is_quote_status":false,"retweet_count":3,"favorite_count":5,"entities":{"hashtags":[{"text":"carBackup","indices":[36,46]},{"text":"dfua","indices":[47,52]}],"symbols":[],"user_mentions":[{"screen_name":"mherych","name":"Mateusz Herych","id":433521644,"id_str":"433521644","indices":[13,21]},{"screen_name":"GDGLviv","name":"GDGLviv","id":532337361,"id_str":"532337361","indices":[53,61]}],"urls":[],"media":[{"id":657873559486906368,"id_str":"657873559486906368","indices":[62,85],"media_url":"http:\/\/pbs.twimg.com\/media\/CSE8hExWwAAZ_6i.jpg","media_url_https":"https:\/\/pbs.twimg.com\/media\/CSE8hExWwAAZ_6i.jpg","url":"https:\/\/t.co\/dM5KFvjaGR","display_url":"pic.twitter.com\/dM5KFvjaGR","expanded_url":"http:\/\/twitter.com\/Tajchert\/status\/657873578407268353\/photo\/1","type":"photo","sizes":{"large":{"w":1024,"h":768,"resize":"fit"},"thumb":{"w":150,"h":150,"resize":"crop"},"medium":{"w":600,"h":450,"resize":"fit"},"small":{"w":340,"h":255,"resize":"fit"}}}]},"extended_entities":{"media":[{"id":657873559486906368,"id_str":"657873559486906368","indices":[62,85],"media_url":"http:\/\/pbs.twimg.com\/media\/CSE8hExWwAAZ_6i.jpg","media_url_https":"https:\/\/pbs.twimg.com\/media\/CSE8hExWwAAZ_6i.jpg","url":"https:\/\/t.co\/dM5KFvjaGR","display_url":"pic.twitter.com\/dM5KFvjaGR","expanded_url":"http:\/\/twitter.com\/Tajchert\/status\/657873578407268353\/photo\/1","type":"photo","sizes":{"large":{"w":1024,"h":768,"resize":"fit"},"thumb":{"w":150,"h":150,"resize":"crop"},"medium":{"w":600,"h":450,"resize":"fit"},"small":{"w":340,"h":255,"resize":"fit"}}}]},"favorited":true,"retweeted":true,"possibly_sensitive":false,"lang":"en"}]